{
    "online_mod_proxy_zetflix": "false",
    "online_mod_proxy_lumex": "false",
    "online_mod_proxy_filmix": "true",
    "timetable": "[]",
    "content_rows_shots_main": "false",
    "native": "false",
    "online_mod_proxy_fancdn2": "false",
    "menu_sort": "[\"Главная\",\"Фильмы\",\"Мультфильмы\",\"Сериалы\",\"Каталог\",\"Фильтр\",\"Релизы\",\"Аниме\",\"Избранное\",\"История\",\"Торренты\",\"Подборки\",\"Для детей\",\"YouTube\",\"RuTube\",\"Twitch\",\"Клубничка\",\"Спорт\",\"Shots\"]",
    "tmdb_lang": "ru",
    "cub_domain": "cubnotrip.top",
    "menu_always": "false",
    "NoTrailerMainPage": "true",
    "background": "false",
    "bl_jsqp_logged_mode": "set",
    "online_mod_proxy_fanserials": "false",
    "bl_jsqp_origin_mode": "set_b64",
    "platform": "Android",
    "device_name": "BlackLampa",
    "ClockInPlayer": "true",
    "bl_ua_preset_id_v1": "win_firefox",
    "online_mod_proxy_collaps": "false",
    "online_mod_proxy_kinobase": "false",
    "pages_save_total": "20",
    "online_mod_proxy_reset": "7",
    "online_mod_proxy_hdvb": "false",
    "bl_jsqp_origin_value": "yumata.github.io",
    "online_mod_proxy_fancdn": "false",
    "protocol": "http",
    "keyboard_default_lang": "en",
    "content_rows_timetable_lately": "false",
    "online_mod_proxy_videoseed": "true",
    "Clock_coordinates": "bottom: 95%!important; right: 5%!important",
    "bl_jsqp_logged_value": "true",
    "head_filter_show_profile": "false",
    "Reloadbutton": "true",
    "bl_jsqp_params": "origin,logged,reset",
    "online_mod_proxy_kinopub": "true",
    "online_mod_proxy_redheadsound": "true",
    "bl_net_rule_add_pattern": "durex.monster/api/checker",
    "head_filter_show_premium": "false",
    "online_mod_proxy_rezka2": "false",
    "player_torrent": "inner",
    "bl_jsqp_reset_mode": "random",
    "shots_in_player": "false",
    "online_mod_proxy_fanserials_cdn": "false",
    "online_mod_proxy_videodb": "false",
    "online_mod_proxy_alloha": "false",
    "ClockInPlayerPosition": "Right_Up",
    "bl_jsqp_enabled": "1",
    "bl_jsqp_match": "\\\\.js(\\\\?|$)",
    "bl_net_user_rules_v1": "[{\"id\":\"r_ml0nazvk_v94sg\",\"enabled\":true,\"pattern\":\"yumata.github.io\",\"type\":\"simple\"},{\"id\":\"r_ml0nd33p_kw9r2\",\"enabled\":true,\"pattern\":\"cub.rip/api/metric/unic\",\"type\":\"simple\"},{\"id\":\"r_ml0ndk6f_apwty\",\"enabled\":true,\"pattern\":\"cub.rip/api/metric/stat\",\"type\":\"simple\"},{\"id\":\"r_ml0nfkh4_hh81y\",\"enabled\":true,\"pattern\":\"cub.rip/api/checker\",\"type\":\"simple\"},{\"id\":\"r_ml0nh29y_0kb00\",\"enabled\":true,\"pattern\":\"geo.cub.rip\",\"type\":\"simple\"},{\"id\":\"r_ml0nje3m_7rrnu\",\"enabled\":true,\"pattern\":\"ipwho.is\",\"type\":\"simple\"},{\"id\":\"r_ml0no031_mfzat\",\"enabled\":true,\"pattern\":\"cubnotrip.top/api/checker\",\"type\":\"simple\"},{\"id\":\"r_ml0nprsg_tju96\",\"enabled\":true,\"pattern\":\"durex.monster/api/checker\",\"type\":\"simple\"}]",
    "lampa_uid": "",
    "online_mod_proxy_kp": "false",
    "interface_size": "small",
    "head_filter_show_feed": "false",
    "screensaver_type": "chrome",
    "button_hidden": "[\"view--torrent_Торренты\",\"view--trailer_Трейлеры\",\"button--subscribe_Подписаться\"]",
    "menu_hide": "[\"Мультфильмы\",\"Релизы\",\"Аниме\",\"Торренты\",\"Подборки\",\"Для детей\",\"YouTube\",\"RuTube\",\"Twitch\"]",
    "const_redirect": "false",
    "recomends_scan": "[]",
    "lampac_unic_id": "",
    "parser_torrent_type": "jackett",
    "online_mod_proxy_vibix": "true",
    "shots_in_card": "false",
    "metric_adview": "0",
    "head_filter_show_notice": "false",
    "bl_jsqp_force": "0",
    "metric_date": "1945-05-09",
    "sisi_unic_id": "",
    "bl_log_mode_v1": "silent",
    "bl_jsqp_reset_value": "0",
    "metric_uid": "",
    "tmdb_img_mirror": "imagetmdb.com/",
    "button_custom_order": "[\"view--online_Онлайн_BwaRC_v1.6.7\",\"view--online_mod_Онлайн_online_mod_28.01.2026\",\"view--torrent_Торренты\",\"view--trailer_Трейлеры\",\"button--subscribe_Подписаться\",\"button--book_Избранное\"]",
    "ANIME_fix": "true",
    "online_mod_proxy_animelib": "false",
    "online_mod_proxy_cdnmovies": "false",
    "surs_settings": "{\"default\":{\"interface_size_initialized\":true,\"custom_button_surs_bookmarks\":false,\"custom_button_surs_history\":false,\"custom_button_surs_kids\":false,\"custom_button_surs_settings\":false,\"genre_16\":false,\"genre_10762\":false,\"without_keywords\":\"2\"}}",
    "head_filter_show_blackfriday": "false",
    "plugins_blacklist": "[]",
    "bl_backup_cfg_v1": "{\"prefixes\":[\"bl_\"],\"provider\":\"paste_rs\",\"keyHint\":\"\",\"unsafe_store_key\":0}",
    "activity": "{\"component\":\"main\",\"page\":1}",
    "language": "ru",
    "buttons_viewmode": "always",
    "account_user": "localhost",
    "online_mod_prefer_http": "false"
}